{
  "id": "3907532",
  "name": "基于区块链或联盟链的教学资源共享平台",
  "font_family": "iconfont",
  "css_prefix_text": "icon-",
  "description": "",
  "glyphs": [
    {
      "icon_id": "6496026",
      "name": "Vue",
      "font_class": "Vue",
      "unicode": "e799",
      "unicode_decimal": 59289
    },
    {
      "icon_id": "12600749",
      "name": "java",
      "font_class": "java",
      "unicode": "e639",
      "unicode_decimal": 58937
    },
    {
      "icon_id": "24347117",
      "name": "hyperledger",
      "font_class": "hyperledger",
      "unicode": "e602",
      "unicode_decimal": 58882
    },
    {
      "icon_id": "15838533",
      "name": "smile",
      "font_class": "smile",
      "unicode": "e67e",
      "unicode_decimal": 59006
    },
    {
      "icon_id": "135132",
      "name": "积分",
      "font_class": "jifen",
      "unicode": "e601",
      "unicode_decimal": 58881
    },
    {
      "icon_id": "309253",
      "name": "backtop",
      "font_class": "backtop",
      "unicode": "e6c6",
      "unicode_decimal": 59078
    },
    {
      "icon_id": "562742",
      "name": "Like",
      "font_class": "like",
      "unicode": "e647",
      "unicode_decimal": 58951
    },
    {
      "icon_id": "1226274",
      "name": "edit",
      "font_class": "edit",
      "unicode": "e68d",
      "unicode_decimal": 59021
    },
    {
      "icon_id": "1234246",
      "name": "验证",
      "font_class": "yanzheng",
      "unicode": "e63d",
      "unicode_decimal": 58941
    },
    {
      "icon_id": "1488716",
      "name": "left-open",
      "font_class": "left-open",
      "unicode": "e662",
      "unicode_decimal": 58978
    },
    {
      "icon_id": "1488738",
      "name": "right-open",
      "font_class": "right-open",
      "unicode": "e66e",
      "unicode_decimal": 58990
    },
    {
      "icon_id": "1512529",
      "name": "more_android_light",
      "font_class": "more_android_light",
      "unicode": "e7e3",
      "unicode_decimal": 59363
    },
    {
      "icon_id": "2076247",
      "name": "附件",
      "font_class": "fujian",
      "unicode": "e88a",
      "unicode_decimal": 59530
    },
    {
      "icon_id": "2471346",
      "name": "登录",
      "font_class": "denglu",
      "unicode": "e66b",
      "unicode_decimal": 58987
    },
    {
      "icon_id": "4766966",
      "name": "man",
      "font_class": "man",
      "unicode": "e7e2",
      "unicode_decimal": 59362
    },
    {
      "icon_id": "4936672",
      "name": "unlike-fill",
      "font_class": "unlike-fill",
      "unicode": "e86b",
      "unicode_decimal": 59499
    },
    {
      "icon_id": "4936694",
      "name": "setting-fill",
      "font_class": "setting-fill",
      "unicode": "e871",
      "unicode_decimal": 59505
    },
    {
      "icon_id": "6151143",
      "name": "delete-fill",
      "font_class": "delete-fill",
      "unicode": "e7ce",
      "unicode_decimal": 59342
    },
    {
      "icon_id": "6598354",
      "name": "woman",
      "font_class": "woman",
      "unicode": "e8f1",
      "unicode_decimal": 59633
    },
    {
      "icon_id": "6851465",
      "name": "注册",
      "font_class": "zhuce",
      "unicode": "e6d6",
      "unicode_decimal": 59094
    },
    {
      "icon_id": "7089322",
      "name": "user",
      "font_class": "user",
      "unicode": "e63c",
      "unicode_decimal": 58940
    },
    {
      "icon_id": "8952781",
      "name": "exchange",
      "font_class": "exchange",
      "unicode": "e801",
      "unicode_decimal": 59393
    },
    {
      "icon_id": "9059917",
      "name": "文章分类",
      "font_class": "wenzhangfenlei",
      "unicode": "e631",
      "unicode_decimal": 58929
    },
    {
      "icon_id": "13553185",
      "name": "folder-zip-fill",
      "font_class": "folder-zip-fill",
      "unicode": "ee66",
      "unicode_decimal": 61030
    },
    {
      "icon_id": "14629166",
      "name": "empty-status",
      "font_class": "empty-status",
      "unicode": "e60e",
      "unicode_decimal": 58894
    },
    {
      "icon_id": "15838472",
      "name": "email",
      "font_class": "email",
      "unicode": "e66f",
      "unicode_decimal": 58991
    },
    {
      "icon_id": "16618555",
      "name": "no_eye",
      "font_class": "no_eye",
      "unicode": "e6ad",
      "unicode_decimal": 59053
    },
    {
      "icon_id": "19662663",
      "name": "收起",
      "font_class": "shouqi",
      "unicode": "e604",
      "unicode_decimal": 58884
    },
    {
      "icon_id": "159932",
      "name": "search",
      "font_class": "fenxiang",
      "unicode": "e600",
      "unicode_decimal": 58880
    },
    {
      "icon_id": "4766954",
      "name": "star",
      "font_class": "star",
      "unicode": "e7df",
      "unicode_decimal": 59359
    },
    {
      "icon_id": "4936668",
      "name": "eye-fill",
      "font_class": "eye-fill",
      "unicode": "e869",
      "unicode_decimal": 59497
    },
    {
      "icon_id": "4936673",
      "name": "star-fill",
      "font_class": "star-fill",
      "unicode": "e86a",
      "unicode_decimal": 59498
    },
    {
      "icon_id": "7008965",
      "name": "message",
      "font_class": "message",
      "unicode": "e70c",
      "unicode_decimal": 59148
    },
    {
      "icon_id": "8092166",
      "name": "eye close-fill",
      "font_class": "eyeclose-fill",
      "unicode": "e8ff",
      "unicode_decimal": 59647
    },
    {
      "icon_id": "9568057",
      "name": "add",
      "font_class": "add",
      "unicode": "e64a",
      "unicode_decimal": 58954
    },
    {
      "icon_id": "12309638",
      "name": "bell",
      "font_class": "bell",
      "unicode": "e7e5",
      "unicode_decimal": 59365
    }
  ]
}
